{
    "$schema": "https://schema.management.azure.com/schemas/2015-01-01/deploymentParameters.json#",
    "contentVersion": "1.0.0.0",
    "parameters": {
        "virtualMachines_SRV2_name": {
            "value": null
        },
        "networkInterfaces_srv2956_name": {
            "value": null
        },
        "publicIPAddresses_SRV2_ip_name": {
            "value": null
        },
        "networkSecurityGroups_SRV2_nsg_name": {
            "value": null
        },
        "storageAccounts_teststoragekc1_name": {
            "value": null
        },
        "virtualNetworks_TestBackup_vnet_name": {
            "value": null
        },
        "schedules_shutdown_computevm_srv2_name": {
            "value": null
        },
        "subnets_default_name": {
            "value": null
        },
        "securityRules_default_allow_rdp_name": {
            "value": null
        },
        "virtualMachines_SRV2_id": {
            "value": null
        }
    }
}