{
    "$schema": "https://schema.management.azure.com/schemas/2015-01-01/deploymentTemplate.json#",
    "contentVersion": "1.0.0.0",
    "parameters": {
        "virtualMachines_SRV2_name": {
            "defaultValue": "SRV2",
            "type": "String"
        },
        "networkInterfaces_srv2956_name": {
            "defaultValue": "srv2956",
            "type": "String"
        },
        "publicIPAddresses_SRV2_ip_name": {
            "defaultValue": "SRV2-ip",
            "type": "String"
        },
        "networkSecurityGroups_SRV2_nsg_name": {
            "defaultValue": "SRV2-nsg",
            "type": "String"
        },
        "storageAccounts_teststoragekc1_name": {
            "defaultValue": "teststoragekc1",
            "type": "String"
        },
        "virtualNetworks_TestBackup_vnet_name": {
            "defaultValue": "TestBackup-vnet",
            "type": "String"
        },
        "schedules_shutdown_computevm_srv2_name": {
            "defaultValue": "shutdown-computevm-srv2",
            "type": "String"
        },
        "subnets_default_name": {
            "defaultValue": "default",
            "type": "String"
        },
        "securityRules_default_allow_rdp_name": {
            "defaultValue": "default-allow-rdp",
            "type": "String"
        },
        "virtualMachines_SRV2_id": {
            "defaultValue": "/subscriptions/21bbfb75-e419-4a5f-b2ce-103c5b2a73a2/resourceGroups/TestBackup/providers/Microsoft.Compute/disks/SRV2_OsDisk_1_fb460101493c4a9db36d992abd162575",
            "type": "String"
        }
    },
    "variables": {},
    "resources": [
        {
            "comments": "Generalized from resource: '/subscriptions/21bbfb75-e419-4a5f-b2ce-103c5b2a73a2/resourceGroups/TestBackup/providers/Microsoft.Compute/virtualMachines/SRV2'.",
            "type": "Microsoft.Compute/virtualMachines",
            "name": "[parameters('virtualMachines_SRV2_name')]",
            "apiVersion": "2017-03-30",
            "location": "uksouth",
            "scale": null,
            "properties": {
                "hardwareProfile": {
                    "vmSize": "Standard_DS1_v2"
                },
                "storageProfile": {
                    "imageReference": {
                        "publisher": "MicrosoftWindowsServer",
                        "offer": "WindowsServer",
                        "sku": "2016-Datacenter",
                        "version": "latest"
                    },
                    "osDisk": {
                        "osType": "Windows",
                        "name": "[concat(parameters('virtualMachines_SRV2_name'),'_OsDisk_1_fb460101493c4a9db36d992abd162575')]",
                        "createOption": "FromImage",
                        "caching": "ReadWrite",
                        "managedDisk": {
                            "storageAccountType": "Premium_LRS",
                            "id": "[parameters('virtualMachines_SRV2_id')]"
                        },
                        "diskSizeGB": 128
                    },
                    "dataDisks": []
                },
                "osProfile": {
                    "computerName": "[parameters('virtualMachines_SRV2_name')]",
                    "adminUsername": "sysadmin",
                    "windowsConfiguration": {
                        "provisionVMAgent": true,
                        "enableAutomaticUpdates": true
                    },
                    "secrets": []
                },
                "networkProfile": {
                    "networkInterfaces": [
                        {
                            "id": "[resourceId('Microsoft.Network/networkInterfaces', parameters('networkInterfaces_srv2956_name'))]"
                        }
                    ]
                }
            },
            "dependsOn": [
                "[resourceId('Microsoft.Network/networkInterfaces', parameters('networkInterfaces_srv2956_name'))]"
            ]
        },
        {
            "comments": "Generalized from resource: '/subscriptions/21bbfb75-e419-4a5f-b2ce-103c5b2a73a2/resourcegroups/testbackup/providers/microsoft.devtestlab/schedules/shutdown-computevm-srv2'.",
            "type": "microsoft.devtestlab/schedules",
            "name": "[parameters('schedules_shutdown_computevm_srv2_name')]",
            "apiVersion": "2016-05-15",
            "location": "uksouth",
            "scale": null,
            "properties": {
                "status": "Enabled",
                "taskType": "ComputeVmShutdownTask",
                "dailyRecurrence": {
                    "time": "1900"
                },
                "timeZoneId": "UTC",
                "notificationSettings": {
                    "status": "Disabled",
                    "timeInMinutes": 30
                },
                "targetResourceId": "[resourceId('Microsoft.Compute/virtualMachines', parameters('virtualMachines_SRV2_name'))]",
                "provisioningState": "Succeeded",
                "uniqueIdentifier": "673a7702-cd91-4973-9775-8a6781135de5"
            },
            "dependsOn": [
                "[resourceId('Microsoft.Compute/virtualMachines', parameters('virtualMachines_SRV2_name'))]"
            ]
        },
        {
            "comments": "Generalized from resource: '/subscriptions/21bbfb75-e419-4a5f-b2ce-103c5b2a73a2/resourceGroups/TestBackup/providers/Microsoft.Network/networkInterfaces/srv2956'.",
            "type": "Microsoft.Network/networkInterfaces",
            "name": "[parameters('networkInterfaces_srv2956_name')]",
            "apiVersion": "2017-06-01",
            "location": "uksouth",
            "scale": null,
            "properties": {
                "provisioningState": "Succeeded",
                "resourceGuid": "c51d0d96-be9b-43f7-8502-eb3a84028992",
                "ipConfigurations": [
                    {
                        "name": "ipconfig1",
                        "etag": "W/\"273f5527-d311-439d-b3b4-6c2c2b2facb5\"",
                        "properties": {
                            "provisioningState": "Succeeded",
                            "privateIPAddress": "10.0.1.4",
                            "privateIPAllocationMethod": "Dynamic",
                            "publicIPAddress": {
                                "id": "[resourceId('Microsoft.Network/publicIPAddresses', parameters('publicIPAddresses_SRV2_ip_name'))]"
                            },
                            "subnet": {
                                "id": "[resourceId('Microsoft.Network/virtualNetworks/subnets', parameters('virtualNetworks_TestBackup_vnet_name'), parameters('subnets_default_name'))]"
                            },
                            "primary": true,
                            "privateIPAddressVersion": "IPv4"
                        }
                    }
                ],
                "dnsSettings": {
                    "dnsServers": [],
                    "appliedDnsServers": [],
                    "internalDomainNameSuffix": "oysedmtmcgeu3gecvi5sy4deja.zx.internal.cloudapp.net"
                },
                "macAddress": "00-22-48-07-2A-0A",
                "enableAcceleratedNetworking": false,
                "enableIPForwarding": false,
                "networkSecurityGroup": {
                    "id": "[resourceId('Microsoft.Network/networkSecurityGroups', parameters('networkSecurityGroups_SRV2_nsg_name'))]"
                },
                "primary": true,
                "virtualMachine": {
                    "id": "[resourceId('Microsoft.Compute/virtualMachines', parameters('virtualMachines_SRV2_name'))]"
                }
            },
            "dependsOn": [
                "[resourceId('Microsoft.Network/publicIPAddresses', parameters('publicIPAddresses_SRV2_ip_name'))]",
                "[resourceId('Microsoft.Network/virtualNetworks/subnets', parameters('virtualNetworks_TestBackup_vnet_name'), parameters('subnets_default_name'))]",
                "[resourceId('Microsoft.Network/networkSecurityGroups', parameters('networkSecurityGroups_SRV2_nsg_name'))]",
                "[resourceId('Microsoft.Compute/virtualMachines', parameters('virtualMachines_SRV2_name'))]"
            ]
        },
        {
            "comments": "Generalized from resource: '/subscriptions/21bbfb75-e419-4a5f-b2ce-103c5b2a73a2/resourceGroups/TestBackup/providers/Microsoft.Network/networkSecurityGroups/SRV2-nsg'.",
            "type": "Microsoft.Network/networkSecurityGroups",
            "name": "[parameters('networkSecurityGroups_SRV2_nsg_name')]",
            "apiVersion": "2017-06-01",
            "location": "uksouth",
            "scale": null,
            "properties": {
                "provisioningState": "Succeeded",
                "resourceGuid": "d7dcc813-ff5e-43fa-adfb-a1e0e4f720ba",
                "securityRules": [
                    {
                        "name": "default-allow-rdp",
                        "etag": "W/\"fcd2acf8-5bb1-44c5-8324-e498b3588eec\"",
                        "properties": {
                            "provisioningState": "Succeeded",
                            "protocol": "TCP",
                            "sourcePortRange": "*",
                            "destinationPortRange": "3389",
                            "sourceAddressPrefix": "*",
                            "destinationAddressPrefix": "*",
                            "access": "Allow",
                            "priority": 1000,
                            "direction": "Inbound",
                            "sourceAddressPrefixes": [],
                            "destinationAddressPrefixes": []
                        }
                    }
                ],
                "defaultSecurityRules": [
                    {
                        "name": "AllowVnetInBound",
                        "etag": "W/\"fcd2acf8-5bb1-44c5-8324-e498b3588eec\"",
                        "properties": {
                            "provisioningState": "Succeeded",
                            "description": "Allow inbound traffic from all VMs in VNET",
                            "protocol": "*",
                            "sourcePortRange": "*",
                            "destinationPortRange": "*",
                            "sourceAddressPrefix": "VirtualNetwork",
                            "destinationAddressPrefix": "VirtualNetwork",
                            "access": "Allow",
                            "priority": 65000,
                            "direction": "Inbound",
                            "sourceAddressPrefixes": [],
                            "destinationAddressPrefixes": []
                        }
                    },
                    {
                        "name": "AllowAzureLoadBalancerInBound",
                        "etag": "W/\"fcd2acf8-5bb1-44c5-8324-e498b3588eec\"",
                        "properties": {
                            "provisioningState": "Succeeded",
                            "description": "Allow inbound traffic from azure load balancer",
                            "protocol": "*",
                            "sourcePortRange": "*",
                            "destinationPortRange": "*",
                            "sourceAddressPrefix": "AzureLoadBalancer",
                            "destinationAddressPrefix": "*",
                            "access": "Allow",
                            "priority": 65001,
                            "direction": "Inbound",
                            "sourceAddressPrefixes": [],
                            "destinationAddressPrefixes": []
                        }
                    },
                    {
                        "name": "DenyAllInBound",
                        "etag": "W/\"fcd2acf8-5bb1-44c5-8324-e498b3588eec\"",
                        "properties": {
                            "provisioningState": "Succeeded",
                            "description": "Deny all inbound traffic",
                            "protocol": "*",
                            "sourcePortRange": "*",
                            "destinationPortRange": "*",
                            "sourceAddressPrefix": "*",
                            "destinationAddressPrefix": "*",
                            "access": "Deny",
                            "priority": 65500,
                            "direction": "Inbound",
                            "sourceAddressPrefixes": [],
                            "destinationAddressPrefixes": []
                        }
                    },
                    {
                        "name": "AllowVnetOutBound",
                        "etag": "W/\"fcd2acf8-5bb1-44c5-8324-e498b3588eec\"",
                        "properties": {
                            "provisioningState": "Succeeded",
                            "description": "Allow outbound traffic from all VMs to all VMs in VNET",
                            "protocol": "*",
                            "sourcePortRange": "*",
                            "destinationPortRange": "*",
                            "sourceAddressPrefix": "VirtualNetwork",
                            "destinationAddressPrefix": "VirtualNetwork",
                            "access": "Allow",
                            "priority": 65000,
                            "direction": "Outbound",
                            "sourceAddressPrefixes": [],
                            "destinationAddressPrefixes": []
                        }
                    },
                    {
                        "name": "AllowInternetOutBound",
                        "etag": "W/\"fcd2acf8-5bb1-44c5-8324-e498b3588eec\"",
                        "properties": {
                            "provisioningState": "Succeeded",
                            "description": "Allow outbound traffic from all VMs to Internet",
                            "protocol": "*",
                            "sourcePortRange": "*",
                            "destinationPortRange": "*",
                            "sourceAddressPrefix": "*",
                            "destinationAddressPrefix": "Internet",
                            "access": "Allow",
                            "priority": 65001,
                            "direction": "Outbound",
                            "sourceAddressPrefixes": [],
                            "destinationAddressPrefixes": []
                        }
                    },
                    {
                        "name": "DenyAllOutBound",
                        "etag": "W/\"fcd2acf8-5bb1-44c5-8324-e498b3588eec\"",
                        "properties": {
                            "provisioningState": "Succeeded",
                            "description": "Deny all outbound traffic",
                            "protocol": "*",
                            "sourcePortRange": "*",
                            "destinationPortRange": "*",
                            "sourceAddressPrefix": "*",
                            "destinationAddressPrefix": "*",
                            "access": "Deny",
                            "priority": 65500,
                            "direction": "Outbound",
                            "sourceAddressPrefixes": [],
                            "destinationAddressPrefixes": []
                        }
                    }
                ]
            },
            "dependsOn": []
        },
        {
            "comments": "Generalized from resource: '/subscriptions/21bbfb75-e419-4a5f-b2ce-103c5b2a73a2/resourceGroups/TestBackup/providers/Microsoft.Network/publicIPAddresses/SRV2-ip'.",
            "type": "Microsoft.Network/publicIPAddresses",
            "name": "[parameters('publicIPAddresses_SRV2_ip_name')]",
            "apiVersion": "2017-06-01",
            "location": "uksouth",
            "scale": null,
            "properties": {
                "provisioningState": "Succeeded",
                "resourceGuid": "44e8ffb3-f7ca-4119-866b-204e6f5eb15c",
                "ipAddress": "51.140.28.25",
                "publicIPAddressVersion": "IPv4",
                "publicIPAllocationMethod": "Dynamic",
                "idleTimeoutInMinutes": 4
            },
            "dependsOn": []
        },
        {
            "comments": "Generalized from resource: '/subscriptions/21bbfb75-e419-4a5f-b2ce-103c5b2a73a2/resourceGroups/TestBackup/providers/Microsoft.Network/virtualNetworks/TestBackup-vnet'.",
            "type": "Microsoft.Network/virtualNetworks",
            "name": "[parameters('virtualNetworks_TestBackup_vnet_name')]",
            "apiVersion": "2017-06-01",
            "location": "uksouth",
            "scale": null,
            "properties": {
                "provisioningState": "Succeeded",
                "resourceGuid": "b2412476-116c-4e89-9882-aa3f2c786448",
                "addressSpace": {
                    "addressPrefixes": [
                        "10.0.1.0/24"
                    ]
                },
                "subnets": [
                    {
                        "name": "default",
                        "etag": "W/\"93da6279-4e22-4580-88fa-5e08a243102b\"",
                        "properties": {
                            "provisioningState": "Succeeded",
                            "addressPrefix": "10.0.1.0/24"
                        }
                    }
                ],
                "virtualNetworkPeerings": []
            },
            "dependsOn": []
        },
        {
            "comments": "Generalized from resource: '/subscriptions/21bbfb75-e419-4a5f-b2ce-103c5b2a73a2/resourceGroups/TestBackup/providers/Microsoft.Storage/storageAccounts/teststoragekc1'.",
            "type": "Microsoft.Storage/storageAccounts",
            "sku": {
                "name": "Standard_LRS",
                "tier": "Standard"
            },
            "kind": "Storage",
            "name": "[parameters('storageAccounts_teststoragekc1_name')]",
            "apiVersion": "2017-06-01",
            "location": "uksouth",
            "tags": {},
            "scale": null,
            "properties": {
                "networkAcls": {
                    "bypass": "AzureServices",
                    "virtualNetworkRules": [],
                    "ipRules": [],
                    "defaultAction": "Allow"
                },
                "supportsHttpsTrafficOnly": false,
                "encryption": {
                    "services": {
                        "file": {
                            "enabled": true
                        },
                        "blob": {
                            "enabled": true
                        }
                    },
                    "keySource": "Microsoft.Storage"
                }
            },
            "dependsOn": []
        },
        {
            "comments": "Generalized from resource: '/subscriptions/21bbfb75-e419-4a5f-b2ce-103c5b2a73a2/resourceGroups/TestBackup/providers/Microsoft.Network/networkSecurityGroups/SRV2-nsg/securityRules/default-allow-rdp'.",
            "type": "Microsoft.Network/networkSecurityGroups/securityRules",
            "name": "[concat(parameters('networkSecurityGroups_SRV2_nsg_name'), '/', parameters('securityRules_default_allow_rdp_name'))]",
            "apiVersion": "2017-06-01",
            "scale": null,
            "properties": {
                "provisioningState": "Succeeded",
                "protocol": "TCP",
                "sourcePortRange": "*",
                "destinationPortRange": "3389",
                "sourceAddressPrefix": "*",
                "destinationAddressPrefix": "*",
                "access": "Allow",
                "priority": 1000,
                "direction": "Inbound",
                "sourceAddressPrefixes": [],
                "destinationAddressPrefixes": []
            },
            "dependsOn": [
                "[resourceId('Microsoft.Network/networkSecurityGroups', parameters('networkSecurityGroups_SRV2_nsg_name'))]"
            ]
        },
        {
            "comments": "Generalized from resource: '/subscriptions/21bbfb75-e419-4a5f-b2ce-103c5b2a73a2/resourceGroups/TestBackup/providers/Microsoft.Network/virtualNetworks/TestBackup-vnet/subnets/default'.",
            "type": "Microsoft.Network/virtualNetworks/subnets",
            "name": "[concat(parameters('virtualNetworks_TestBackup_vnet_name'), '/', parameters('subnets_default_name'))]",
            "apiVersion": "2017-06-01",
            "scale": null,
            "properties": {
                "provisioningState": "Succeeded",
                "addressPrefix": "10.0.1.0/24"
            },
            "dependsOn": [
                "[resourceId('Microsoft.Network/virtualNetworks', parameters('virtualNetworks_TestBackup_vnet_name'))]"
            ]
        }
    ]
}